Created by PLY version 3.11 (http://www.dabeaz.com/ply)

Grammar

Rule 0     S' -> program
Rule 1     program -> for_list
Rule 2     for_list -> for_stmt
Rule 3     for_list -> for_stmt for_list
Rule 4     for_stmt -> expression FOR expression expression assign_stmt
Rule 5     assign_stmt -> ID LBRACKET expression RBRACKET ASSIGN expression
Rule 6     expression -> ADD expression expression
Rule 7     expression -> SUB expression expression
Rule 8     expression -> MUL expression expression
Rule 9     expression -> DIV expression expression
Rule 10    expression -> AND expression expression
Rule 11    expression -> OR expression expression
Rule 12    expression -> EQ expression expression
Rule 13    expression -> NE expression expression
Rule 14    expression -> LT expression expression
Rule 15    expression -> GT expression expression
Rule 16    expression -> LE expression expression
Rule 17    expression -> GE expression expression
Rule 18    expression -> NOT expression
Rule 19    expression -> SQRT expression
Rule 20    expression -> ID ASSIGN expression
Rule 21    expression -> ID
Rule 22    expression -> INTEGER_CONST
Rule 23    expression -> REAL_CONST
Rule 24    expression -> TRUE
Rule 25    expression -> FALSE
Rule 26    expression -> array_ref
Rule 27    array_ref -> ID LBRACKET expression RBRACKET

Terminals, with rules where they appear

ADD                  : 6
AND                  : 10
ASSIGN               : 5 20
DIV                  : 9
EQ                   : 12
FALSE                : 25
FOR                  : 4
GE                   : 17
GT                   : 15
ID                   : 5 20 21 27
INTEGER_CONST        : 22
LBRACKET             : 5 27
LE                   : 16
LT                   : 14
MUL                  : 8
NE                   : 13
NOT                  : 18
OR                   : 11
RBRACKET             : 5 27
REAL_CONST           : 23
SQRT                 : 19
SUB                  : 7
TRUE                 : 24
error                : 

Nonterminals, with rules where they appear

array_ref            : 26
assign_stmt          : 4
expression           : 4 4 4 5 5 6 6 7 7 8 8 9 9 10 10 11 11 12 12 13 13 14 14 15 15 16 16 17 17 18 19 20 27
for_list             : 1 3
for_stmt             : 2 3
program              : 0

Parsing method: LALR

state 0

    (0) S' -> . program
    (1) program -> . for_list
    (2) for_list -> . for_stmt
    (3) for_list -> . for_stmt for_list
    (4) for_stmt -> . expression FOR expression expression assign_stmt
    (6) expression -> . ADD expression expression
    (7) expression -> . SUB expression expression
    (8) expression -> . MUL expression expression
    (9) expression -> . DIV expression expression
    (10) expression -> . AND expression expression
    (11) expression -> . OR expression expression
    (12) expression -> . EQ expression expression
    (13) expression -> . NE expression expression
    (14) expression -> . LT expression expression
    (15) expression -> . GT expression expression
    (16) expression -> . LE expression expression
    (17) expression -> . GE expression expression
    (18) expression -> . NOT expression
    (19) expression -> . SQRT expression
    (20) expression -> . ID ASSIGN expression
    (21) expression -> . ID
    (22) expression -> . INTEGER_CONST
    (23) expression -> . REAL_CONST
    (24) expression -> . TRUE
    (25) expression -> . FALSE
    (26) expression -> . array_ref
    (27) array_ref -> . ID LBRACKET expression RBRACKET

    ADD             shift and go to state 5
    SUB             shift and go to state 6
    MUL             shift and go to state 7
    DIV             shift and go to state 8
    AND             shift and go to state 9
    OR              shift and go to state 10
    EQ              shift and go to state 11
    NE              shift and go to state 12
    LT              shift and go to state 13
    GT              shift and go to state 14
    LE              shift and go to state 15
    GE              shift and go to state 16
    NOT             shift and go to state 17
    SQRT            shift and go to state 18
    ID              shift and go to state 19
    INTEGER_CONST   shift and go to state 20
    REAL_CONST      shift and go to state 21
    TRUE            shift and go to state 22
    FALSE           shift and go to state 23

    program                        shift and go to state 1
    for_list                       shift and go to state 2
    for_stmt                       shift and go to state 3
    expression                     shift and go to state 4
    array_ref                      shift and go to state 24

state 1

    (0) S' -> program .



state 2

    (1) program -> for_list .

    $end            reduce using rule 1 (program -> for_list .)


state 3

    (2) for_list -> for_stmt .
    (3) for_list -> for_stmt . for_list
    (2) for_list -> . for_stmt
    (3) for_list -> . for_stmt for_list
    (4) for_stmt -> . expression FOR expression expression assign_stmt
    (6) expression -> . ADD expression expression
    (7) expression -> . SUB expression expression
    (8) expression -> . MUL expression expression
    (9) expression -> . DIV expression expression
    (10) expression -> . AND expression expression
    (11) expression -> . OR expression expression
    (12) expression -> . EQ expression expression
    (13) expression -> . NE expression expression
    (14) expression -> . LT expression expression
    (15) expression -> . GT expression expression
    (16) expression -> . LE expression expression
    (17) expression -> . GE expression expression
    (18) expression -> . NOT expression
    (19) expression -> . SQRT expression
    (20) expression -> . ID ASSIGN expression
    (21) expression -> . ID
    (22) expression -> . INTEGER_CONST
    (23) expression -> . REAL_CONST
    (24) expression -> . TRUE
    (25) expression -> . FALSE
    (26) expression -> . array_ref
    (27) array_ref -> . ID LBRACKET expression RBRACKET

    $end            reduce using rule 2 (for_list -> for_stmt .)
    ADD             shift and go to state 5
    SUB             shift and go to state 6
    MUL             shift and go to state 7
    DIV             shift and go to state 8
    AND             shift and go to state 9
    OR              shift and go to state 10
    EQ              shift and go to state 11
    NE              shift and go to state 12
    LT              shift and go to state 13
    GT              shift and go to state 14
    LE              shift and go to state 15
    GE              shift and go to state 16
    NOT             shift and go to state 17
    SQRT            shift and go to state 18
    ID              shift and go to state 19
    INTEGER_CONST   shift and go to state 20
    REAL_CONST      shift and go to state 21
    TRUE            shift and go to state 22
    FALSE           shift and go to state 23

    for_stmt                       shift and go to state 3
    for_list                       shift and go to state 25
    expression                     shift and go to state 4
    array_ref                      shift and go to state 24

state 4

    (4) for_stmt -> expression . FOR expression expression assign_stmt

    FOR             shift and go to state 26


state 5

    (6) expression -> ADD . expression expression
    (6) expression -> . ADD expression expression
    (7) expression -> . SUB expression expression
    (8) expression -> . MUL expression expression
    (9) expression -> . DIV expression expression
    (10) expression -> . AND expression expression
    (11) expression -> . OR expression expression
    (12) expression -> . EQ expression expression
    (13) expression -> . NE expression expression
    (14) expression -> . LT expression expression
    (15) expression -> . GT expression expression
    (16) expression -> . LE expression expression
    (17) expression -> . GE expression expression
    (18) expression -> . NOT expression
    (19) expression -> . SQRT expression
    (20) expression -> . ID ASSIGN expression
    (21) expression -> . ID
    (22) expression -> . INTEGER_CONST
    (23) expression -> . REAL_CONST
    (24) expression -> . TRUE
    (25) expression -> . FALSE
    (26) expression -> . array_ref
    (27) array_ref -> . ID LBRACKET expression RBRACKET

    ADD             shift and go to state 5
    SUB             shift and go to state 6
    MUL             shift and go to state 7
    DIV             shift and go to state 8
    AND             shift and go to state 9
    OR              shift and go to state 10
    EQ              shift and go to state 11
    NE              shift and go to state 12
    LT              shift and go to state 13
    GT              shift and go to state 14
    LE              shift and go to state 15
    GE              shift and go to state 16
    NOT             shift and go to state 17
    SQRT            shift and go to state 18
    ID              shift and go to state 19
    INTEGER_CONST   shift and go to state 20
    REAL_CONST      shift and go to state 21
    TRUE            shift and go to state 22
    FALSE           shift and go to state 23

    expression                     shift and go to state 27
    array_ref                      shift and go to state 24

state 6

    (7) expression -> SUB . expression expression
    (6) expression -> . ADD expression expression
    (7) expression -> . SUB expression expression
    (8) expression -> . MUL expression expression
    (9) expression -> . DIV expression expression
    (10) expression -> . AND expression expression
    (11) expression -> . OR expression expression
    (12) expression -> . EQ expression expression
    (13) expression -> . NE expression expression
    (14) expression -> . LT expression expression
    (15) expression -> . GT expression expression
    (16) expression -> . LE expression expression
    (17) expression -> . GE expression expression
    (18) expression -> . NOT expression
    (19) expression -> . SQRT expression
    (20) expression -> . ID ASSIGN expression
    (21) expression -> . ID
    (22) expression -> . INTEGER_CONST
    (23) expression -> . REAL_CONST
    (24) expression -> . TRUE
    (25) expression -> . FALSE
    (26) expression -> . array_ref
    (27) array_ref -> . ID LBRACKET expression RBRACKET

    ADD             shift and go to state 5
    SUB             shift and go to state 6
    MUL             shift and go to state 7
    DIV             shift and go to state 8
    AND             shift and go to state 9
    OR              shift and go to state 10
    EQ              shift and go to state 11
    NE              shift and go to state 12
    LT              shift and go to state 13
    GT              shift and go to state 14
    LE              shift and go to state 15
    GE              shift and go to state 16
    NOT             shift and go to state 17
    SQRT            shift and go to state 18
    ID              shift and go to state 19
    INTEGER_CONST   shift and go to state 20
    REAL_CONST      shift and go to state 21
    TRUE            shift and go to state 22
    FALSE           shift and go to state 23

    expression                     shift and go to state 28
    array_ref                      shift and go to state 24

state 7

    (8) expression -> MUL . expression expression
    (6) expression -> . ADD expression expression
    (7) expression -> . SUB expression expression
    (8) expression -> . MUL expression expression
    (9) expression -> . DIV expression expression
    (10) expression -> . AND expression expression
    (11) expression -> . OR expression expression
    (12) expression -> . EQ expression expression
    (13) expression -> . NE expression expression
    (14) expression -> . LT expression expression
    (15) expression -> . GT expression expression
    (16) expression -> . LE expression expression
    (17) expression -> . GE expression expression
    (18) expression -> . NOT expression
    (19) expression -> . SQRT expression
    (20) expression -> . ID ASSIGN expression
    (21) expression -> . ID
    (22) expression -> . INTEGER_CONST
    (23) expression -> . REAL_CONST
    (24) expression -> . TRUE
    (25) expression -> . FALSE
    (26) expression -> . array_ref
    (27) array_ref -> . ID LBRACKET expression RBRACKET

    ADD             shift and go to state 5
    SUB             shift and go to state 6
    MUL             shift and go to state 7
    DIV             shift and go to state 8
    AND             shift and go to state 9
    OR              shift and go to state 10
    EQ              shift and go to state 11
    NE              shift and go to state 12
    LT              shift and go to state 13
    GT              shift and go to state 14
    LE              shift and go to state 15
    GE              shift and go to state 16
    NOT             shift and go to state 17
    SQRT            shift and go to state 18
    ID              shift and go to state 19
    INTEGER_CONST   shift and go to state 20
    REAL_CONST      shift and go to state 21
    TRUE            shift and go to state 22
    FALSE           shift and go to state 23

    expression                     shift and go to state 29
    array_ref                      shift and go to state 24

state 8

    (9) expression -> DIV . expression expression
    (6) expression -> . ADD expression expression
    (7) expression -> . SUB expression expression
    (8) expression -> . MUL expression expression
    (9) expression -> . DIV expression expression
    (10) expression -> . AND expression expression
    (11) expression -> . OR expression expression
    (12) expression -> . EQ expression expression
    (13) expression -> . NE expression expression
    (14) expression -> . LT expression expression
    (15) expression -> . GT expression expression
    (16) expression -> . LE expression expression
    (17) expression -> . GE expression expression
    (18) expression -> . NOT expression
    (19) expression -> . SQRT expression
    (20) expression -> . ID ASSIGN expression
    (21) expression -> . ID
    (22) expression -> . INTEGER_CONST
    (23) expression -> . REAL_CONST
    (24) expression -> . TRUE
    (25) expression -> . FALSE
    (26) expression -> . array_ref
    (27) array_ref -> . ID LBRACKET expression RBRACKET

    ADD             shift and go to state 5
    SUB             shift and go to state 6
    MUL             shift and go to state 7
    DIV             shift and go to state 8
    AND             shift and go to state 9
    OR              shift and go to state 10
    EQ              shift and go to state 11
    NE              shift and go to state 12
    LT              shift and go to state 13
    GT              shift and go to state 14
    LE              shift and go to state 15
    GE              shift and go to state 16
    NOT             shift and go to state 17
    SQRT            shift and go to state 18
    ID              shift and go to state 19
    INTEGER_CONST   shift and go to state 20
    REAL_CONST      shift and go to state 21
    TRUE            shift and go to state 22
    FALSE           shift and go to state 23

    expression                     shift and go to state 30
    array_ref                      shift and go to state 24

state 9

    (10) expression -> AND . expression expression
    (6) expression -> . ADD expression expression
    (7) expression -> . SUB expression expression
    (8) expression -> . MUL expression expression
    (9) expression -> . DIV expression expression
    (10) expression -> . AND expression expression
    (11) expression -> . OR expression expression
    (12) expression -> . EQ expression expression
    (13) expression -> . NE expression expression
    (14) expression -> . LT expression expression
    (15) expression -> . GT expression expression
    (16) expression -> . LE expression expression
    (17) expression -> . GE expression expression
    (18) expression -> . NOT expression
    (19) expression -> . SQRT expression
    (20) expression -> . ID ASSIGN expression
    (21) expression -> . ID
    (22) expression -> . INTEGER_CONST
    (23) expression -> . REAL_CONST
    (24) expression -> . TRUE
    (25) expression -> . FALSE
    (26) expression -> . array_ref
    (27) array_ref -> . ID LBRACKET expression RBRACKET

    ADD             shift and go to state 5
    SUB             shift and go to state 6
    MUL             shift and go to state 7
    DIV             shift and go to state 8
    AND             shift and go to state 9
    OR              shift and go to state 10
    EQ              shift and go to state 11
    NE              shift and go to state 12
    LT              shift and go to state 13
    GT              shift and go to state 14
    LE              shift and go to state 15
    GE              shift and go to state 16
    NOT             shift and go to state 17
    SQRT            shift and go to state 18
    ID              shift and go to state 19
    INTEGER_CONST   shift and go to state 20
    REAL_CONST      shift and go to state 21
    TRUE            shift and go to state 22
    FALSE           shift and go to state 23

    expression                     shift and go to state 31
    array_ref                      shift and go to state 24

state 10

    (11) expression -> OR . expression expression
    (6) expression -> . ADD expression expression
    (7) expression -> . SUB expression expression
    (8) expression -> . MUL expression expression
    (9) expression -> . DIV expression expression
    (10) expression -> . AND expression expression
    (11) expression -> . OR expression expression
    (12) expression -> . EQ expression expression
    (13) expression -> . NE expression expression
    (14) expression -> . LT expression expression
    (15) expression -> . GT expression expression
    (16) expression -> . LE expression expression
    (17) expression -> . GE expression expression
    (18) expression -> . NOT expression
    (19) expression -> . SQRT expression
    (20) expression -> . ID ASSIGN expression
    (21) expression -> . ID
    (22) expression -> . INTEGER_CONST
    (23) expression -> . REAL_CONST
    (24) expression -> . TRUE
    (25) expression -> . FALSE
    (26) expression -> . array_ref
    (27) array_ref -> . ID LBRACKET expression RBRACKET

    ADD             shift and go to state 5
    SUB             shift and go to state 6
    MUL             shift and go to state 7
    DIV             shift and go to state 8
    AND             shift and go to state 9
    OR              shift and go to state 10
    EQ              shift and go to state 11
    NE              shift and go to state 12
    LT              shift and go to state 13
    GT              shift and go to state 14
    LE              shift and go to state 15
    GE              shift and go to state 16
    NOT             shift and go to state 17
    SQRT            shift and go to state 18
    ID              shift and go to state 19
    INTEGER_CONST   shift and go to state 20
    REAL_CONST      shift and go to state 21
    TRUE            shift and go to state 22
    FALSE           shift and go to state 23

    expression                     shift and go to state 32
    array_ref                      shift and go to state 24

state 11

    (12) expression -> EQ . expression expression
    (6) expression -> . ADD expression expression
    (7) expression -> . SUB expression expression
    (8) expression -> . MUL expression expression
    (9) expression -> . DIV expression expression
    (10) expression -> . AND expression expression
    (11) expression -> . OR expression expression
    (12) expression -> . EQ expression expression
    (13) expression -> . NE expression expression
    (14) expression -> . LT expression expression
    (15) expression -> . GT expression expression
    (16) expression -> . LE expression expression
    (17) expression -> . GE expression expression
    (18) expression -> . NOT expression
    (19) expression -> . SQRT expression
    (20) expression -> . ID ASSIGN expression
    (21) expression -> . ID
    (22) expression -> . INTEGER_CONST
    (23) expression -> . REAL_CONST
    (24) expression -> . TRUE
    (25) expression -> . FALSE
    (26) expression -> . array_ref
    (27) array_ref -> . ID LBRACKET expression RBRACKET

    ADD             shift and go to state 5
    SUB             shift and go to state 6
    MUL             shift and go to state 7
    DIV             shift and go to state 8
    AND             shift and go to state 9
    OR              shift and go to state 10
    EQ              shift and go to state 11
    NE              shift and go to state 12
    LT              shift and go to state 13
    GT              shift and go to state 14
    LE              shift and go to state 15
    GE              shift and go to state 16
    NOT             shift and go to state 17
    SQRT            shift and go to state 18
    ID              shift and go to state 19
    INTEGER_CONST   shift and go to state 20
    REAL_CONST      shift and go to state 21
    TRUE            shift and go to state 22
    FALSE           shift and go to state 23

    expression                     shift and go to state 33
    array_ref                      shift and go to state 24

state 12

    (13) expression -> NE . expression expression
    (6) expression -> . ADD expression expression
    (7) expression -> . SUB expression expression
    (8) expression -> . MUL expression expression
    (9) expression -> . DIV expression expression
    (10) expression -> . AND expression expression
    (11) expression -> . OR expression expression
    (12) expression -> . EQ expression expression
    (13) expression -> . NE expression expression
    (14) expression -> . LT expression expression
    (15) expression -> . GT expression expression
    (16) expression -> . LE expression expression
    (17) expression -> . GE expression expression
    (18) expression -> . NOT expression
    (19) expression -> . SQRT expression
    (20) expression -> . ID ASSIGN expression
    (21) expression -> . ID
    (22) expression -> . INTEGER_CONST
    (23) expression -> . REAL_CONST
    (24) expression -> . TRUE
    (25) expression -> . FALSE
    (26) expression -> . array_ref
    (27) array_ref -> . ID LBRACKET expression RBRACKET

    ADD             shift and go to state 5
    SUB             shift and go to state 6
    MUL             shift and go to state 7
    DIV             shift and go to state 8
    AND             shift and go to state 9
    OR              shift and go to state 10
    EQ              shift and go to state 11
    NE              shift and go to state 12
    LT              shift and go to state 13
    GT              shift and go to state 14
    LE              shift and go to state 15
    GE              shift and go to state 16
    NOT             shift and go to state 17
    SQRT            shift and go to state 18
    ID              shift and go to state 19
    INTEGER_CONST   shift and go to state 20
    REAL_CONST      shift and go to state 21
    TRUE            shift and go to state 22
    FALSE           shift and go to state 23

    expression                     shift and go to state 34
    array_ref                      shift and go to state 24

state 13

    (14) expression -> LT . expression expression
    (6) expression -> . ADD expression expression
    (7) expression -> . SUB expression expression
    (8) expression -> . MUL expression expression
    (9) expression -> . DIV expression expression
    (10) expression -> . AND expression expression
    (11) expression -> . OR expression expression
    (12) expression -> . EQ expression expression
    (13) expression -> . NE expression expression
    (14) expression -> . LT expression expression
    (15) expression -> . GT expression expression
    (16) expression -> . LE expression expression
    (17) expression -> . GE expression expression
    (18) expression -> . NOT expression
    (19) expression -> . SQRT expression
    (20) expression -> . ID ASSIGN expression
    (21) expression -> . ID
    (22) expression -> . INTEGER_CONST
    (23) expression -> . REAL_CONST
    (24) expression -> . TRUE
    (25) expression -> . FALSE
    (26) expression -> . array_ref
    (27) array_ref -> . ID LBRACKET expression RBRACKET

    ADD             shift and go to state 5
    SUB             shift and go to state 6
    MUL             shift and go to state 7
    DIV             shift and go to state 8
    AND             shift and go to state 9
    OR              shift and go to state 10
    EQ              shift and go to state 11
    NE              shift and go to state 12
    LT              shift and go to state 13
    GT              shift and go to state 14
    LE              shift and go to state 15
    GE              shift and go to state 16
    NOT             shift and go to state 17
    SQRT            shift and go to state 18
    ID              shift and go to state 19
    INTEGER_CONST   shift and go to state 20
    REAL_CONST      shift and go to state 21
    TRUE            shift and go to state 22
    FALSE           shift and go to state 23

    expression                     shift and go to state 35
    array_ref                      shift and go to state 24

state 14

    (15) expression -> GT . expression expression
    (6) expression -> . ADD expression expression
    (7) expression -> . SUB expression expression
    (8) expression -> . MUL expression expression
    (9) expression -> . DIV expression expression
    (10) expression -> . AND expression expression
    (11) expression -> . OR expression expression
    (12) expression -> . EQ expression expression
    (13) expression -> . NE expression expression
    (14) expression -> . LT expression expression
    (15) expression -> . GT expression expression
    (16) expression -> . LE expression expression
    (17) expression -> . GE expression expression
    (18) expression -> . NOT expression
    (19) expression -> . SQRT expression
    (20) expression -> . ID ASSIGN expression
    (21) expression -> . ID
    (22) expression -> . INTEGER_CONST
    (23) expression -> . REAL_CONST
    (24) expression -> . TRUE
    (25) expression -> . FALSE
    (26) expression -> . array_ref
    (27) array_ref -> . ID LBRACKET expression RBRACKET

    ADD             shift and go to state 5
    SUB             shift and go to state 6
    MUL             shift and go to state 7
    DIV             shift and go to state 8
    AND             shift and go to state 9
    OR              shift and go to state 10
    EQ              shift and go to state 11
    NE              shift and go to state 12
    LT              shift and go to state 13
    GT              shift and go to state 14
    LE              shift and go to state 15
    GE              shift and go to state 16
    NOT             shift and go to state 17
    SQRT            shift and go to state 18
    ID              shift and go to state 19
    INTEGER_CONST   shift and go to state 20
    REAL_CONST      shift and go to state 21
    TRUE            shift and go to state 22
    FALSE           shift and go to state 23

    expression                     shift and go to state 36
    array_ref                      shift and go to state 24

state 15

    (16) expression -> LE . expression expression
    (6) expression -> . ADD expression expression
    (7) expression -> . SUB expression expression
    (8) expression -> . MUL expression expression
    (9) expression -> . DIV expression expression
    (10) expression -> . AND expression expression
    (11) expression -> . OR expression expression
    (12) expression -> . EQ expression expression
    (13) expression -> . NE expression expression
    (14) expression -> . LT expression expression
    (15) expression -> . GT expression expression
    (16) expression -> . LE expression expression
    (17) expression -> . GE expression expression
    (18) expression -> . NOT expression
    (19) expression -> . SQRT expression
    (20) expression -> . ID ASSIGN expression
    (21) expression -> . ID
    (22) expression -> . INTEGER_CONST
    (23) expression -> . REAL_CONST
    (24) expression -> . TRUE
    (25) expression -> . FALSE
    (26) expression -> . array_ref
    (27) array_ref -> . ID LBRACKET expression RBRACKET

    ADD             shift and go to state 5
    SUB             shift and go to state 6
    MUL             shift and go to state 7
    DIV             shift and go to state 8
    AND             shift and go to state 9
    OR              shift and go to state 10
    EQ              shift and go to state 11
    NE              shift and go to state 12
    LT              shift and go to state 13
    GT              shift and go to state 14
    LE              shift and go to state 15
    GE              shift and go to state 16
    NOT             shift and go to state 17
    SQRT            shift and go to state 18
    ID              shift and go to state 19
    INTEGER_CONST   shift and go to state 20
    REAL_CONST      shift and go to state 21
    TRUE            shift and go to state 22
    FALSE           shift and go to state 23

    expression                     shift and go to state 37
    array_ref                      shift and go to state 24

state 16

    (17) expression -> GE . expression expression
    (6) expression -> . ADD expression expression
    (7) expression -> . SUB expression expression
    (8) expression -> . MUL expression expression
    (9) expression -> . DIV expression expression
    (10) expression -> . AND expression expression
    (11) expression -> . OR expression expression
    (12) expression -> . EQ expression expression
    (13) expression -> . NE expression expression
    (14) expression -> . LT expression expression
    (15) expression -> . GT expression expression
    (16) expression -> . LE expression expression
    (17) expression -> . GE expression expression
    (18) expression -> . NOT expression
    (19) expression -> . SQRT expression
    (20) expression -> . ID ASSIGN expression
    (21) expression -> . ID
    (22) expression -> . INTEGER_CONST
    (23) expression -> . REAL_CONST
    (24) expression -> . TRUE
    (25) expression -> . FALSE
    (26) expression -> . array_ref
    (27) array_ref -> . ID LBRACKET expression RBRACKET

    ADD             shift and go to state 5
    SUB             shift and go to state 6
    MUL             shift and go to state 7
    DIV             shift and go to state 8
    AND             shift and go to state 9
    OR              shift and go to state 10
    EQ              shift and go to state 11
    NE              shift and go to state 12
    LT              shift and go to state 13
    GT              shift and go to state 14
    LE              shift and go to state 15
    GE              shift and go to state 16
    NOT             shift and go to state 17
    SQRT            shift and go to state 18
    ID              shift and go to state 19
    INTEGER_CONST   shift and go to state 20
    REAL_CONST      shift and go to state 21
    TRUE            shift and go to state 22
    FALSE           shift and go to state 23

    expression                     shift and go to state 38
    array_ref                      shift and go to state 24

state 17

    (18) expression -> NOT . expression
    (6) expression -> . ADD expression expression
    (7) expression -> . SUB expression expression
    (8) expression -> . MUL expression expression
    (9) expression -> . DIV expression expression
    (10) expression -> . AND expression expression
    (11) expression -> . OR expression expression
    (12) expression -> . EQ expression expression
    (13) expression -> . NE expression expression
    (14) expression -> . LT expression expression
    (15) expression -> . GT expression expression
    (16) expression -> . LE expression expression
    (17) expression -> . GE expression expression
    (18) expression -> . NOT expression
    (19) expression -> . SQRT expression
    (20) expression -> . ID ASSIGN expression
    (21) expression -> . ID
    (22) expression -> . INTEGER_CONST
    (23) expression -> . REAL_CONST
    (24) expression -> . TRUE
    (25) expression -> . FALSE
    (26) expression -> . array_ref
    (27) array_ref -> . ID LBRACKET expression RBRACKET

    ADD             shift and go to state 5
    SUB             shift and go to state 6
    MUL             shift and go to state 7
    DIV             shift and go to state 8
    AND             shift and go to state 9
    OR              shift and go to state 10
    EQ              shift and go to state 11
    NE              shift and go to state 12
    LT              shift and go to state 13
    GT              shift and go to state 14
    LE              shift and go to state 15
    GE              shift and go to state 16
    NOT             shift and go to state 17
    SQRT            shift and go to state 18
    ID              shift and go to state 19
    INTEGER_CONST   shift and go to state 20
    REAL_CONST      shift and go to state 21
    TRUE            shift and go to state 22
    FALSE           shift and go to state 23

    expression                     shift and go to state 39
    array_ref                      shift and go to state 24

state 18

    (19) expression -> SQRT . expression
    (6) expression -> . ADD expression expression
    (7) expression -> . SUB expression expression
    (8) expression -> . MUL expression expression
    (9) expression -> . DIV expression expression
    (10) expression -> . AND expression expression
    (11) expression -> . OR expression expression
    (12) expression -> . EQ expression expression
    (13) expression -> . NE expression expression
    (14) expression -> . LT expression expression
    (15) expression -> . GT expression expression
    (16) expression -> . LE expression expression
    (17) expression -> . GE expression expression
    (18) expression -> . NOT expression
    (19) expression -> . SQRT expression
    (20) expression -> . ID ASSIGN expression
    (21) expression -> . ID
    (22) expression -> . INTEGER_CONST
    (23) expression -> . REAL_CONST
    (24) expression -> . TRUE
    (25) expression -> . FALSE
    (26) expression -> . array_ref
    (27) array_ref -> . ID LBRACKET expression RBRACKET

    ADD             shift and go to state 5
    SUB             shift and go to state 6
    MUL             shift and go to state 7
    DIV             shift and go to state 8
    AND             shift and go to state 9
    OR              shift and go to state 10
    EQ              shift and go to state 11
    NE              shift and go to state 12
    LT              shift and go to state 13
    GT              shift and go to state 14
    LE              shift and go to state 15
    GE              shift and go to state 16
    NOT             shift and go to state 17
    SQRT            shift and go to state 18
    ID              shift and go to state 19
    INTEGER_CONST   shift and go to state 20
    REAL_CONST      shift and go to state 21
    TRUE            shift and go to state 22
    FALSE           shift and go to state 23

    expression                     shift and go to state 40
    array_ref                      shift and go to state 24

state 19

    (20) expression -> ID . ASSIGN expression
    (21) expression -> ID .
    (27) array_ref -> ID . LBRACKET expression RBRACKET

    ASSIGN          shift and go to state 41
    FOR             reduce using rule 21 (expression -> ID .)
    ADD             reduce using rule 21 (expression -> ID .)
    SUB             reduce using rule 21 (expression -> ID .)
    MUL             reduce using rule 21 (expression -> ID .)
    DIV             reduce using rule 21 (expression -> ID .)
    AND             reduce using rule 21 (expression -> ID .)
    OR              reduce using rule 21 (expression -> ID .)
    EQ              reduce using rule 21 (expression -> ID .)
    NE              reduce using rule 21 (expression -> ID .)
    LT              reduce using rule 21 (expression -> ID .)
    GT              reduce using rule 21 (expression -> ID .)
    LE              reduce using rule 21 (expression -> ID .)
    GE              reduce using rule 21 (expression -> ID .)
    NOT             reduce using rule 21 (expression -> ID .)
    SQRT            reduce using rule 21 (expression -> ID .)
    ID              reduce using rule 21 (expression -> ID .)
    INTEGER_CONST   reduce using rule 21 (expression -> ID .)
    REAL_CONST      reduce using rule 21 (expression -> ID .)
    TRUE            reduce using rule 21 (expression -> ID .)
    FALSE           reduce using rule 21 (expression -> ID .)
    RBRACKET        reduce using rule 21 (expression -> ID .)
    $end            reduce using rule 21 (expression -> ID .)
    LBRACKET        shift and go to state 42


state 20

    (22) expression -> INTEGER_CONST .

    FOR             reduce using rule 22 (expression -> INTEGER_CONST .)
    ADD             reduce using rule 22 (expression -> INTEGER_CONST .)
    SUB             reduce using rule 22 (expression -> INTEGER_CONST .)
    MUL             reduce using rule 22 (expression -> INTEGER_CONST .)
    DIV             reduce using rule 22 (expression -> INTEGER_CONST .)
    AND             reduce using rule 22 (expression -> INTEGER_CONST .)
    OR              reduce using rule 22 (expression -> INTEGER_CONST .)
    EQ              reduce using rule 22 (expression -> INTEGER_CONST .)
    NE              reduce using rule 22 (expression -> INTEGER_CONST .)
    LT              reduce using rule 22 (expression -> INTEGER_CONST .)
    GT              reduce using rule 22 (expression -> INTEGER_CONST .)
    LE              reduce using rule 22 (expression -> INTEGER_CONST .)
    GE              reduce using rule 22 (expression -> INTEGER_CONST .)
    NOT             reduce using rule 22 (expression -> INTEGER_CONST .)
    SQRT            reduce using rule 22 (expression -> INTEGER_CONST .)
    ID              reduce using rule 22 (expression -> INTEGER_CONST .)
    INTEGER_CONST   reduce using rule 22 (expression -> INTEGER_CONST .)
    REAL_CONST      reduce using rule 22 (expression -> INTEGER_CONST .)
    TRUE            reduce using rule 22 (expression -> INTEGER_CONST .)
    FALSE           reduce using rule 22 (expression -> INTEGER_CONST .)
    RBRACKET        reduce using rule 22 (expression -> INTEGER_CONST .)
    $end            reduce using rule 22 (expression -> INTEGER_CONST .)


state 21

    (23) expression -> REAL_CONST .

    FOR             reduce using rule 23 (expression -> REAL_CONST .)
    ADD             reduce using rule 23 (expression -> REAL_CONST .)
    SUB             reduce using rule 23 (expression -> REAL_CONST .)
    MUL             reduce using rule 23 (expression -> REAL_CONST .)
    DIV             reduce using rule 23 (expression -> REAL_CONST .)
    AND             reduce using rule 23 (expression -> REAL_CONST .)
    OR              reduce using rule 23 (expression -> REAL_CONST .)
    EQ              reduce using rule 23 (expression -> REAL_CONST .)
    NE              reduce using rule 23 (expression -> REAL_CONST .)
    LT              reduce using rule 23 (expression -> REAL_CONST .)
    GT              reduce using rule 23 (expression -> REAL_CONST .)
    LE              reduce using rule 23 (expression -> REAL_CONST .)
    GE              reduce using rule 23 (expression -> REAL_CONST .)
    NOT             reduce using rule 23 (expression -> REAL_CONST .)
    SQRT            reduce using rule 23 (expression -> REAL_CONST .)
    ID              reduce using rule 23 (expression -> REAL_CONST .)
    INTEGER_CONST   reduce using rule 23 (expression -> REAL_CONST .)
    REAL_CONST      reduce using rule 23 (expression -> REAL_CONST .)
    TRUE            reduce using rule 23 (expression -> REAL_CONST .)
    FALSE           reduce using rule 23 (expression -> REAL_CONST .)
    RBRACKET        reduce using rule 23 (expression -> REAL_CONST .)
    $end            reduce using rule 23 (expression -> REAL_CONST .)


state 22

    (24) expression -> TRUE .

    FOR             reduce using rule 24 (expression -> TRUE .)
    ADD             reduce using rule 24 (expression -> TRUE .)
    SUB             reduce using rule 24 (expression -> TRUE .)
    MUL             reduce using rule 24 (expression -> TRUE .)
    DIV             reduce using rule 24 (expression -> TRUE .)
    AND             reduce using rule 24 (expression -> TRUE .)
    OR              reduce using rule 24 (expression -> TRUE .)
    EQ              reduce using rule 24 (expression -> TRUE .)
    NE              reduce using rule 24 (expression -> TRUE .)
    LT              reduce using rule 24 (expression -> TRUE .)
    GT              reduce using rule 24 (expression -> TRUE .)
    LE              reduce using rule 24 (expression -> TRUE .)
    GE              reduce using rule 24 (expression -> TRUE .)
    NOT             reduce using rule 24 (expression -> TRUE .)
    SQRT            reduce using rule 24 (expression -> TRUE .)
    ID              reduce using rule 24 (expression -> TRUE .)
    INTEGER_CONST   reduce using rule 24 (expression -> TRUE .)
    REAL_CONST      reduce using rule 24 (expression -> TRUE .)
    TRUE            reduce using rule 24 (expression -> TRUE .)
    FALSE           reduce using rule 24 (expression -> TRUE .)
    RBRACKET        reduce using rule 24 (expression -> TRUE .)
    $end            reduce using rule 24 (expression -> TRUE .)


state 23

    (25) expression -> FALSE .

    FOR             reduce using rule 25 (expression -> FALSE .)
    ADD             reduce using rule 25 (expression -> FALSE .)
    SUB             reduce using rule 25 (expression -> FALSE .)
    MUL             reduce using rule 25 (expression -> FALSE .)
    DIV             reduce using rule 25 (expression -> FALSE .)
    AND             reduce using rule 25 (expression -> FALSE .)
    OR              reduce using rule 25 (expression -> FALSE .)
    EQ              reduce using rule 25 (expression -> FALSE .)
    NE              reduce using rule 25 (expression -> FALSE .)
    LT              reduce using rule 25 (expression -> FALSE .)
    GT              reduce using rule 25 (expression -> FALSE .)
    LE              reduce using rule 25 (expression -> FALSE .)
    GE              reduce using rule 25 (expression -> FALSE .)
    NOT             reduce using rule 25 (expression -> FALSE .)
    SQRT            reduce using rule 25 (expression -> FALSE .)
    ID              reduce using rule 25 (expression -> FALSE .)
    INTEGER_CONST   reduce using rule 25 (expression -> FALSE .)
    REAL_CONST      reduce using rule 25 (expression -> FALSE .)
    TRUE            reduce using rule 25 (expression -> FALSE .)
    FALSE           reduce using rule 25 (expression -> FALSE .)
    RBRACKET        reduce using rule 25 (expression -> FALSE .)
    $end            reduce using rule 25 (expression -> FALSE .)


state 24

    (26) expression -> array_ref .

    FOR             reduce using rule 26 (expression -> array_ref .)
    ADD             reduce using rule 26 (expression -> array_ref .)
    SUB             reduce using rule 26 (expression -> array_ref .)
    MUL             reduce using rule 26 (expression -> array_ref .)
    DIV             reduce using rule 26 (expression -> array_ref .)
    AND             reduce using rule 26 (expression -> array_ref .)
    OR              reduce using rule 26 (expression -> array_ref .)
    EQ              reduce using rule 26 (expression -> array_ref .)
    NE              reduce using rule 26 (expression -> array_ref .)
    LT              reduce using rule 26 (expression -> array_ref .)
    GT              reduce using rule 26 (expression -> array_ref .)
    LE              reduce using rule 26 (expression -> array_ref .)
    GE              reduce using rule 26 (expression -> array_ref .)
    NOT             reduce using rule 26 (expression -> array_ref .)
    SQRT            reduce using rule 26 (expression -> array_ref .)
    ID              reduce using rule 26 (expression -> array_ref .)
    INTEGER_CONST   reduce using rule 26 (expression -> array_ref .)
    REAL_CONST      reduce using rule 26 (expression -> array_ref .)
    TRUE            reduce using rule 26 (expression -> array_ref .)
    FALSE           reduce using rule 26 (expression -> array_ref .)
    RBRACKET        reduce using rule 26 (expression -> array_ref .)
    $end            reduce using rule 26 (expression -> array_ref .)


state 25

    (3) for_list -> for_stmt for_list .

    $end            reduce using rule 3 (for_list -> for_stmt for_list .)


state 26

    (4) for_stmt -> expression FOR . expression expression assign_stmt
    (6) expression -> . ADD expression expression
    (7) expression -> . SUB expression expression
    (8) expression -> . MUL expression expression
    (9) expression -> . DIV expression expression
    (10) expression -> . AND expression expression
    (11) expression -> . OR expression expression
    (12) expression -> . EQ expression expression
    (13) expression -> . NE expression expression
    (14) expression -> . LT expression expression
    (15) expression -> . GT expression expression
    (16) expression -> . LE expression expression
    (17) expression -> . GE expression expression
    (18) expression -> . NOT expression
    (19) expression -> . SQRT expression
    (20) expression -> . ID ASSIGN expression
    (21) expression -> . ID
    (22) expression -> . INTEGER_CONST
    (23) expression -> . REAL_CONST
    (24) expression -> . TRUE
    (25) expression -> . FALSE
    (26) expression -> . array_ref
    (27) array_ref -> . ID LBRACKET expression RBRACKET

    ADD             shift and go to state 5
    SUB             shift and go to state 6
    MUL             shift and go to state 7
    DIV             shift and go to state 8
    AND             shift and go to state 9
    OR              shift and go to state 10
    EQ              shift and go to state 11
    NE              shift and go to state 12
    LT              shift and go to state 13
    GT              shift and go to state 14
    LE              shift and go to state 15
    GE              shift and go to state 16
    NOT             shift and go to state 17
    SQRT            shift and go to state 18
    ID              shift and go to state 19
    INTEGER_CONST   shift and go to state 20
    REAL_CONST      shift and go to state 21
    TRUE            shift and go to state 22
    FALSE           shift and go to state 23

    expression                     shift and go to state 43
    array_ref                      shift and go to state 24

state 27

    (6) expression -> ADD expression . expression
    (6) expression -> . ADD expression expression
    (7) expression -> . SUB expression expression
    (8) expression -> . MUL expression expression
    (9) expression -> . DIV expression expression
    (10) expression -> . AND expression expression
    (11) expression -> . OR expression expression
    (12) expression -> . EQ expression expression
    (13) expression -> . NE expression expression
    (14) expression -> . LT expression expression
    (15) expression -> . GT expression expression
    (16) expression -> . LE expression expression
    (17) expression -> . GE expression expression
    (18) expression -> . NOT expression
    (19) expression -> . SQRT expression
    (20) expression -> . ID ASSIGN expression
    (21) expression -> . ID
    (22) expression -> . INTEGER_CONST
    (23) expression -> . REAL_CONST
    (24) expression -> . TRUE
    (25) expression -> . FALSE
    (26) expression -> . array_ref
    (27) array_ref -> . ID LBRACKET expression RBRACKET

    ADD             shift and go to state 5
    SUB             shift and go to state 6
    MUL             shift and go to state 7
    DIV             shift and go to state 8
    AND             shift and go to state 9
    OR              shift and go to state 10
    EQ              shift and go to state 11
    NE              shift and go to state 12
    LT              shift and go to state 13
    GT              shift and go to state 14
    LE              shift and go to state 15
    GE              shift and go to state 16
    NOT             shift and go to state 17
    SQRT            shift and go to state 18
    ID              shift and go to state 19
    INTEGER_CONST   shift and go to state 20
    REAL_CONST      shift and go to state 21
    TRUE            shift and go to state 22
    FALSE           shift and go to state 23

    expression                     shift and go to state 44
    array_ref                      shift and go to state 24

state 28

    (7) expression -> SUB expression . expression
    (6) expression -> . ADD expression expression
    (7) expression -> . SUB expression expression
    (8) expression -> . MUL expression expression
    (9) expression -> . DIV expression expression
    (10) expression -> . AND expression expression
    (11) expression -> . OR expression expression
    (12) expression -> . EQ expression expression
    (13) expression -> . NE expression expression
    (14) expression -> . LT expression expression
    (15) expression -> . GT expression expression
    (16) expression -> . LE expression expression
    (17) expression -> . GE expression expression
    (18) expression -> . NOT expression
    (19) expression -> . SQRT expression
    (20) expression -> . ID ASSIGN expression
    (21) expression -> . ID
    (22) expression -> . INTEGER_CONST
    (23) expression -> . REAL_CONST
    (24) expression -> . TRUE
    (25) expression -> . FALSE
    (26) expression -> . array_ref
    (27) array_ref -> . ID LBRACKET expression RBRACKET

    ADD             shift and go to state 5
    SUB             shift and go to state 6
    MUL             shift and go to state 7
    DIV             shift and go to state 8
    AND             shift and go to state 9
    OR              shift and go to state 10
    EQ              shift and go to state 11
    NE              shift and go to state 12
    LT              shift and go to state 13
    GT              shift and go to state 14
    LE              shift and go to state 15
    GE              shift and go to state 16
    NOT             shift and go to state 17
    SQRT            shift and go to state 18
    ID              shift and go to state 19
    INTEGER_CONST   shift and go to state 20
    REAL_CONST      shift and go to state 21
    TRUE            shift and go to state 22
    FALSE           shift and go to state 23

    expression                     shift and go to state 45
    array_ref                      shift and go to state 24

state 29

    (8) expression -> MUL expression . expression
    (6) expression -> . ADD expression expression
    (7) expression -> . SUB expression expression
    (8) expression -> . MUL expression expression
    (9) expression -> . DIV expression expression
    (10) expression -> . AND expression expression
    (11) expression -> . OR expression expression
    (12) expression -> . EQ expression expression
    (13) expression -> . NE expression expression
    (14) expression -> . LT expression expression
    (15) expression -> . GT expression expression
    (16) expression -> . LE expression expression
    (17) expression -> . GE expression expression
    (18) expression -> . NOT expression
    (19) expression -> . SQRT expression
    (20) expression -> . ID ASSIGN expression
    (21) expression -> . ID
    (22) expression -> . INTEGER_CONST
    (23) expression -> . REAL_CONST
    (24) expression -> . TRUE
    (25) expression -> . FALSE
    (26) expression -> . array_ref
    (27) array_ref -> . ID LBRACKET expression RBRACKET

    ADD             shift and go to state 5
    SUB             shift and go to state 6
    MUL             shift and go to state 7
    DIV             shift and go to state 8
    AND             shift and go to state 9
    OR              shift and go to state 10
    EQ              shift and go to state 11
    NE              shift and go to state 12
    LT              shift and go to state 13
    GT              shift and go to state 14
    LE              shift and go to state 15
    GE              shift and go to state 16
    NOT             shift and go to state 17
    SQRT            shift and go to state 18
    ID              shift and go to state 19
    INTEGER_CONST   shift and go to state 20
    REAL_CONST      shift and go to state 21
    TRUE            shift and go to state 22
    FALSE           shift and go to state 23

    expression                     shift and go to state 46
    array_ref                      shift and go to state 24

state 30

    (9) expression -> DIV expression . expression
    (6) expression -> . ADD expression expression
    (7) expression -> . SUB expression expression
    (8) expression -> . MUL expression expression
    (9) expression -> . DIV expression expression
    (10) expression -> . AND expression expression
    (11) expression -> . OR expression expression
    (12) expression -> . EQ expression expression
    (13) expression -> . NE expression expression
    (14) expression -> . LT expression expression
    (15) expression -> . GT expression expression
    (16) expression -> . LE expression expression
    (17) expression -> . GE expression expression
    (18) expression -> . NOT expression
    (19) expression -> . SQRT expression
    (20) expression -> . ID ASSIGN expression
    (21) expression -> . ID
    (22) expression -> . INTEGER_CONST
    (23) expression -> . REAL_CONST
    (24) expression -> . TRUE
    (25) expression -> . FALSE
    (26) expression -> . array_ref
    (27) array_ref -> . ID LBRACKET expression RBRACKET

    ADD             shift and go to state 5
    SUB             shift and go to state 6
    MUL             shift and go to state 7
    DIV             shift and go to state 8
    AND             shift and go to state 9
    OR              shift and go to state 10
    EQ              shift and go to state 11
    NE              shift and go to state 12
    LT              shift and go to state 13
    GT              shift and go to state 14
    LE              shift and go to state 15
    GE              shift and go to state 16
    NOT             shift and go to state 17
    SQRT            shift and go to state 18
    ID              shift and go to state 19
    INTEGER_CONST   shift and go to state 20
    REAL_CONST      shift and go to state 21
    TRUE            shift and go to state 22
    FALSE           shift and go to state 23

    expression                     shift and go to state 47
    array_ref                      shift and go to state 24

state 31

    (10) expression -> AND expression . expression
    (6) expression -> . ADD expression expression
    (7) expression -> . SUB expression expression
    (8) expression -> . MUL expression expression
    (9) expression -> . DIV expression expression
    (10) expression -> . AND expression expression
    (11) expression -> . OR expression expression
    (12) expression -> . EQ expression expression
    (13) expression -> . NE expression expression
    (14) expression -> . LT expression expression
    (15) expression -> . GT expression expression
    (16) expression -> . LE expression expression
    (17) expression -> . GE expression expression
    (18) expression -> . NOT expression
    (19) expression -> . SQRT expression
    (20) expression -> . ID ASSIGN expression
    (21) expression -> . ID
    (22) expression -> . INTEGER_CONST
    (23) expression -> . REAL_CONST
    (24) expression -> . TRUE
    (25) expression -> . FALSE
    (26) expression -> . array_ref
    (27) array_ref -> . ID LBRACKET expression RBRACKET

    ADD             shift and go to state 5
    SUB             shift and go to state 6
    MUL             shift and go to state 7
    DIV             shift and go to state 8
    AND             shift and go to state 9
    OR              shift and go to state 10
    EQ              shift and go to state 11
    NE              shift and go to state 12
    LT              shift and go to state 13
    GT              shift and go to state 14
    LE              shift and go to state 15
    GE              shift and go to state 16
    NOT             shift and go to state 17
    SQRT            shift and go to state 18
    ID              shift and go to state 19
    INTEGER_CONST   shift and go to state 20
    REAL_CONST      shift and go to state 21
    TRUE            shift and go to state 22
    FALSE           shift and go to state 23

    expression                     shift and go to state 48
    array_ref                      shift and go to state 24

state 32

    (11) expression -> OR expression . expression
    (6) expression -> . ADD expression expression
    (7) expression -> . SUB expression expression
    (8) expression -> . MUL expression expression
    (9) expression -> . DIV expression expression
    (10) expression -> . AND expression expression
    (11) expression -> . OR expression expression
    (12) expression -> . EQ expression expression
    (13) expression -> . NE expression expression
    (14) expression -> . LT expression expression
    (15) expression -> . GT expression expression
    (16) expression -> . LE expression expression
    (17) expression -> . GE expression expression
    (18) expression -> . NOT expression
    (19) expression -> . SQRT expression
    (20) expression -> . ID ASSIGN expression
    (21) expression -> . ID
    (22) expression -> . INTEGER_CONST
    (23) expression -> . REAL_CONST
    (24) expression -> . TRUE
    (25) expression -> . FALSE
    (26) expression -> . array_ref
    (27) array_ref -> . ID LBRACKET expression RBRACKET

    ADD             shift and go to state 5
    SUB             shift and go to state 6
    MUL             shift and go to state 7
    DIV             shift and go to state 8
    AND             shift and go to state 9
    OR              shift and go to state 10
    EQ              shift and go to state 11
    NE              shift and go to state 12
    LT              shift and go to state 13
    GT              shift and go to state 14
    LE              shift and go to state 15
    GE              shift and go to state 16
    NOT             shift and go to state 17
    SQRT            shift and go to state 18
    ID              shift and go to state 19
    INTEGER_CONST   shift and go to state 20
    REAL_CONST      shift and go to state 21
    TRUE            shift and go to state 22
    FALSE           shift and go to state 23

    expression                     shift and go to state 49
    array_ref                      shift and go to state 24

state 33

    (12) expression -> EQ expression . expression
    (6) expression -> . ADD expression expression
    (7) expression -> . SUB expression expression
    (8) expression -> . MUL expression expression
    (9) expression -> . DIV expression expression
    (10) expression -> . AND expression expression
    (11) expression -> . OR expression expression
    (12) expression -> . EQ expression expression
    (13) expression -> . NE expression expression
    (14) expression -> . LT expression expression
    (15) expression -> . GT expression expression
    (16) expression -> . LE expression expression
    (17) expression -> . GE expression expression
    (18) expression -> . NOT expression
    (19) expression -> . SQRT expression
    (20) expression -> . ID ASSIGN expression
    (21) expression -> . ID
    (22) expression -> . INTEGER_CONST
    (23) expression -> . REAL_CONST
    (24) expression -> . TRUE
    (25) expression -> . FALSE
    (26) expression -> . array_ref
    (27) array_ref -> . ID LBRACKET expression RBRACKET

    ADD             shift and go to state 5
    SUB             shift and go to state 6
    MUL             shift and go to state 7
    DIV             shift and go to state 8
    AND             shift and go to state 9
    OR              shift and go to state 10
    EQ              shift and go to state 11
    NE              shift and go to state 12
    LT              shift and go to state 13
    GT              shift and go to state 14
    LE              shift and go to state 15
    GE              shift and go to state 16
    NOT             shift and go to state 17
    SQRT            shift and go to state 18
    ID              shift and go to state 19
    INTEGER_CONST   shift and go to state 20
    REAL_CONST      shift and go to state 21
    TRUE            shift and go to state 22
    FALSE           shift and go to state 23

    expression                     shift and go to state 50
    array_ref                      shift and go to state 24

state 34

    (13) expression -> NE expression . expression
    (6) expression -> . ADD expression expression
    (7) expression -> . SUB expression expression
    (8) expression -> . MUL expression expression
    (9) expression -> . DIV expression expression
    (10) expression -> . AND expression expression
    (11) expression -> . OR expression expression
    (12) expression -> . EQ expression expression
    (13) expression -> . NE expression expression
    (14) expression -> . LT expression expression
    (15) expression -> . GT expression expression
    (16) expression -> . LE expression expression
    (17) expression -> . GE expression expression
    (18) expression -> . NOT expression
    (19) expression -> . SQRT expression
    (20) expression -> . ID ASSIGN expression
    (21) expression -> . ID
    (22) expression -> . INTEGER_CONST
    (23) expression -> . REAL_CONST
    (24) expression -> . TRUE
    (25) expression -> . FALSE
    (26) expression -> . array_ref
    (27) array_ref -> . ID LBRACKET expression RBRACKET

    ADD             shift and go to state 5
    SUB             shift and go to state 6
    MUL             shift and go to state 7
    DIV             shift and go to state 8
    AND             shift and go to state 9
    OR              shift and go to state 10
    EQ              shift and go to state 11
    NE              shift and go to state 12
    LT              shift and go to state 13
    GT              shift and go to state 14
    LE              shift and go to state 15
    GE              shift and go to state 16
    NOT             shift and go to state 17
    SQRT            shift and go to state 18
    ID              shift and go to state 19
    INTEGER_CONST   shift and go to state 20
    REAL_CONST      shift and go to state 21
    TRUE            shift and go to state 22
    FALSE           shift and go to state 23

    expression                     shift and go to state 51
    array_ref                      shift and go to state 24

state 35

    (14) expression -> LT expression . expression
    (6) expression -> . ADD expression expression
    (7) expression -> . SUB expression expression
    (8) expression -> . MUL expression expression
    (9) expression -> . DIV expression expression
    (10) expression -> . AND expression expression
    (11) expression -> . OR expression expression
    (12) expression -> . EQ expression expression
    (13) expression -> . NE expression expression
    (14) expression -> . LT expression expression
    (15) expression -> . GT expression expression
    (16) expression -> . LE expression expression
    (17) expression -> . GE expression expression
    (18) expression -> . NOT expression
    (19) expression -> . SQRT expression
    (20) expression -> . ID ASSIGN expression
    (21) expression -> . ID
    (22) expression -> . INTEGER_CONST
    (23) expression -> . REAL_CONST
    (24) expression -> . TRUE
    (25) expression -> . FALSE
    (26) expression -> . array_ref
    (27) array_ref -> . ID LBRACKET expression RBRACKET

    ADD             shift and go to state 5
    SUB             shift and go to state 6
    MUL             shift and go to state 7
    DIV             shift and go to state 8
    AND             shift and go to state 9
    OR              shift and go to state 10
    EQ              shift and go to state 11
    NE              shift and go to state 12
    LT              shift and go to state 13
    GT              shift and go to state 14
    LE              shift and go to state 15
    GE              shift and go to state 16
    NOT             shift and go to state 17
    SQRT            shift and go to state 18
    ID              shift and go to state 19
    INTEGER_CONST   shift and go to state 20
    REAL_CONST      shift and go to state 21
    TRUE            shift and go to state 22
    FALSE           shift and go to state 23

    expression                     shift and go to state 52
    array_ref                      shift and go to state 24

state 36

    (15) expression -> GT expression . expression
    (6) expression -> . ADD expression expression
    (7) expression -> . SUB expression expression
    (8) expression -> . MUL expression expression
    (9) expression -> . DIV expression expression
    (10) expression -> . AND expression expression
    (11) expression -> . OR expression expression
    (12) expression -> . EQ expression expression
    (13) expression -> . NE expression expression
    (14) expression -> . LT expression expression
    (15) expression -> . GT expression expression
    (16) expression -> . LE expression expression
    (17) expression -> . GE expression expression
    (18) expression -> . NOT expression
    (19) expression -> . SQRT expression
    (20) expression -> . ID ASSIGN expression
    (21) expression -> . ID
    (22) expression -> . INTEGER_CONST
    (23) expression -> . REAL_CONST
    (24) expression -> . TRUE
    (25) expression -> . FALSE
    (26) expression -> . array_ref
    (27) array_ref -> . ID LBRACKET expression RBRACKET

    ADD             shift and go to state 5
    SUB             shift and go to state 6
    MUL             shift and go to state 7
    DIV             shift and go to state 8
    AND             shift and go to state 9
    OR              shift and go to state 10
    EQ              shift and go to state 11
    NE              shift and go to state 12
    LT              shift and go to state 13
    GT              shift and go to state 14
    LE              shift and go to state 15
    GE              shift and go to state 16
    NOT             shift and go to state 17
    SQRT            shift and go to state 18
    ID              shift and go to state 19
    INTEGER_CONST   shift and go to state 20
    REAL_CONST      shift and go to state 21
    TRUE            shift and go to state 22
    FALSE           shift and go to state 23

    expression                     shift and go to state 53
    array_ref                      shift and go to state 24

state 37

    (16) expression -> LE expression . expression
    (6) expression -> . ADD expression expression
    (7) expression -> . SUB expression expression
    (8) expression -> . MUL expression expression
    (9) expression -> . DIV expression expression
    (10) expression -> . AND expression expression
    (11) expression -> . OR expression expression
    (12) expression -> . EQ expression expression
    (13) expression -> . NE expression expression
    (14) expression -> . LT expression expression
    (15) expression -> . GT expression expression
    (16) expression -> . LE expression expression
    (17) expression -> . GE expression expression
    (18) expression -> . NOT expression
    (19) expression -> . SQRT expression
    (20) expression -> . ID ASSIGN expression
    (21) expression -> . ID
    (22) expression -> . INTEGER_CONST
    (23) expression -> . REAL_CONST
    (24) expression -> . TRUE
    (25) expression -> . FALSE
    (26) expression -> . array_ref
    (27) array_ref -> . ID LBRACKET expression RBRACKET

    ADD             shift and go to state 5
    SUB             shift and go to state 6
    MUL             shift and go to state 7
    DIV             shift and go to state 8
    AND             shift and go to state 9
    OR              shift and go to state 10
    EQ              shift and go to state 11
    NE              shift and go to state 12
    LT              shift and go to state 13
    GT              shift and go to state 14
    LE              shift and go to state 15
    GE              shift and go to state 16
    NOT             shift and go to state 17
    SQRT            shift and go to state 18
    ID              shift and go to state 19
    INTEGER_CONST   shift and go to state 20
    REAL_CONST      shift and go to state 21
    TRUE            shift and go to state 22
    FALSE           shift and go to state 23

    expression                     shift and go to state 54
    array_ref                      shift and go to state 24

state 38

    (17) expression -> GE expression . expression
    (6) expression -> . ADD expression expression
    (7) expression -> . SUB expression expression
    (8) expression -> . MUL expression expression
    (9) expression -> . DIV expression expression
    (10) expression -> . AND expression expression
    (11) expression -> . OR expression expression
    (12) expression -> . EQ expression expression
    (13) expression -> . NE expression expression
    (14) expression -> . LT expression expression
    (15) expression -> . GT expression expression
    (16) expression -> . LE expression expression
    (17) expression -> . GE expression expression
    (18) expression -> . NOT expression
    (19) expression -> . SQRT expression
    (20) expression -> . ID ASSIGN expression
    (21) expression -> . ID
    (22) expression -> . INTEGER_CONST
    (23) expression -> . REAL_CONST
    (24) expression -> . TRUE
    (25) expression -> . FALSE
    (26) expression -> . array_ref
    (27) array_ref -> . ID LBRACKET expression RBRACKET

    ADD             shift and go to state 5
    SUB             shift and go to state 6
    MUL             shift and go to state 7
    DIV             shift and go to state 8
    AND             shift and go to state 9
    OR              shift and go to state 10
    EQ              shift and go to state 11
    NE              shift and go to state 12
    LT              shift and go to state 13
    GT              shift and go to state 14
    LE              shift and go to state 15
    GE              shift and go to state 16
    NOT             shift and go to state 17
    SQRT            shift and go to state 18
    ID              shift and go to state 19
    INTEGER_CONST   shift and go to state 20
    REAL_CONST      shift and go to state 21
    TRUE            shift and go to state 22
    FALSE           shift and go to state 23

    expression                     shift and go to state 55
    array_ref                      shift and go to state 24

state 39

    (18) expression -> NOT expression .

    FOR             reduce using rule 18 (expression -> NOT expression .)
    ADD             reduce using rule 18 (expression -> NOT expression .)
    SUB             reduce using rule 18 (expression -> NOT expression .)
    MUL             reduce using rule 18 (expression -> NOT expression .)
    DIV             reduce using rule 18 (expression -> NOT expression .)
    AND             reduce using rule 18 (expression -> NOT expression .)
    OR              reduce using rule 18 (expression -> NOT expression .)
    EQ              reduce using rule 18 (expression -> NOT expression .)
    NE              reduce using rule 18 (expression -> NOT expression .)
    LT              reduce using rule 18 (expression -> NOT expression .)
    GT              reduce using rule 18 (expression -> NOT expression .)
    LE              reduce using rule 18 (expression -> NOT expression .)
    GE              reduce using rule 18 (expression -> NOT expression .)
    NOT             reduce using rule 18 (expression -> NOT expression .)
    SQRT            reduce using rule 18 (expression -> NOT expression .)
    ID              reduce using rule 18 (expression -> NOT expression .)
    INTEGER_CONST   reduce using rule 18 (expression -> NOT expression .)
    REAL_CONST      reduce using rule 18 (expression -> NOT expression .)
    TRUE            reduce using rule 18 (expression -> NOT expression .)
    FALSE           reduce using rule 18 (expression -> NOT expression .)
    RBRACKET        reduce using rule 18 (expression -> NOT expression .)
    $end            reduce using rule 18 (expression -> NOT expression .)


state 40

    (19) expression -> SQRT expression .

    FOR             reduce using rule 19 (expression -> SQRT expression .)
    ADD             reduce using rule 19 (expression -> SQRT expression .)
    SUB             reduce using rule 19 (expression -> SQRT expression .)
    MUL             reduce using rule 19 (expression -> SQRT expression .)
    DIV             reduce using rule 19 (expression -> SQRT expression .)
    AND             reduce using rule 19 (expression -> SQRT expression .)
    OR              reduce using rule 19 (expression -> SQRT expression .)
    EQ              reduce using rule 19 (expression -> SQRT expression .)
    NE              reduce using rule 19 (expression -> SQRT expression .)
    LT              reduce using rule 19 (expression -> SQRT expression .)
    GT              reduce using rule 19 (expression -> SQRT expression .)
    LE              reduce using rule 19 (expression -> SQRT expression .)
    GE              reduce using rule 19 (expression -> SQRT expression .)
    NOT             reduce using rule 19 (expression -> SQRT expression .)
    SQRT            reduce using rule 19 (expression -> SQRT expression .)
    ID              reduce using rule 19 (expression -> SQRT expression .)
    INTEGER_CONST   reduce using rule 19 (expression -> SQRT expression .)
    REAL_CONST      reduce using rule 19 (expression -> SQRT expression .)
    TRUE            reduce using rule 19 (expression -> SQRT expression .)
    FALSE           reduce using rule 19 (expression -> SQRT expression .)
    RBRACKET        reduce using rule 19 (expression -> SQRT expression .)
    $end            reduce using rule 19 (expression -> SQRT expression .)


state 41

    (20) expression -> ID ASSIGN . expression
    (6) expression -> . ADD expression expression
    (7) expression -> . SUB expression expression
    (8) expression -> . MUL expression expression
    (9) expression -> . DIV expression expression
    (10) expression -> . AND expression expression
    (11) expression -> . OR expression expression
    (12) expression -> . EQ expression expression
    (13) expression -> . NE expression expression
    (14) expression -> . LT expression expression
    (15) expression -> . GT expression expression
    (16) expression -> . LE expression expression
    (17) expression -> . GE expression expression
    (18) expression -> . NOT expression
    (19) expression -> . SQRT expression
    (20) expression -> . ID ASSIGN expression
    (21) expression -> . ID
    (22) expression -> . INTEGER_CONST
    (23) expression -> . REAL_CONST
    (24) expression -> . TRUE
    (25) expression -> . FALSE
    (26) expression -> . array_ref
    (27) array_ref -> . ID LBRACKET expression RBRACKET

    ADD             shift and go to state 5
    SUB             shift and go to state 6
    MUL             shift and go to state 7
    DIV             shift and go to state 8
    AND             shift and go to state 9
    OR              shift and go to state 10
    EQ              shift and go to state 11
    NE              shift and go to state 12
    LT              shift and go to state 13
    GT              shift and go to state 14
    LE              shift and go to state 15
    GE              shift and go to state 16
    NOT             shift and go to state 17
    SQRT            shift and go to state 18
    ID              shift and go to state 19
    INTEGER_CONST   shift and go to state 20
    REAL_CONST      shift and go to state 21
    TRUE            shift and go to state 22
    FALSE           shift and go to state 23

    expression                     shift and go to state 56
    array_ref                      shift and go to state 24

state 42

    (27) array_ref -> ID LBRACKET . expression RBRACKET
    (6) expression -> . ADD expression expression
    (7) expression -> . SUB expression expression
    (8) expression -> . MUL expression expression
    (9) expression -> . DIV expression expression
    (10) expression -> . AND expression expression
    (11) expression -> . OR expression expression
    (12) expression -> . EQ expression expression
    (13) expression -> . NE expression expression
    (14) expression -> . LT expression expression
    (15) expression -> . GT expression expression
    (16) expression -> . LE expression expression
    (17) expression -> . GE expression expression
    (18) expression -> . NOT expression
    (19) expression -> . SQRT expression
    (20) expression -> . ID ASSIGN expression
    (21) expression -> . ID
    (22) expression -> . INTEGER_CONST
    (23) expression -> . REAL_CONST
    (24) expression -> . TRUE
    (25) expression -> . FALSE
    (26) expression -> . array_ref
    (27) array_ref -> . ID LBRACKET expression RBRACKET

    ADD             shift and go to state 5
    SUB             shift and go to state 6
    MUL             shift and go to state 7
    DIV             shift and go to state 8
    AND             shift and go to state 9
    OR              shift and go to state 10
    EQ              shift and go to state 11
    NE              shift and go to state 12
    LT              shift and go to state 13
    GT              shift and go to state 14
    LE              shift and go to state 15
    GE              shift and go to state 16
    NOT             shift and go to state 17
    SQRT            shift and go to state 18
    ID              shift and go to state 19
    INTEGER_CONST   shift and go to state 20
    REAL_CONST      shift and go to state 21
    TRUE            shift and go to state 22
    FALSE           shift and go to state 23

    expression                     shift and go to state 57
    array_ref                      shift and go to state 24

state 43

    (4) for_stmt -> expression FOR expression . expression assign_stmt
    (6) expression -> . ADD expression expression
    (7) expression -> . SUB expression expression
    (8) expression -> . MUL expression expression
    (9) expression -> . DIV expression expression
    (10) expression -> . AND expression expression
    (11) expression -> . OR expression expression
    (12) expression -> . EQ expression expression
    (13) expression -> . NE expression expression
    (14) expression -> . LT expression expression
    (15) expression -> . GT expression expression
    (16) expression -> . LE expression expression
    (17) expression -> . GE expression expression
    (18) expression -> . NOT expression
    (19) expression -> . SQRT expression
    (20) expression -> . ID ASSIGN expression
    (21) expression -> . ID
    (22) expression -> . INTEGER_CONST
    (23) expression -> . REAL_CONST
    (24) expression -> . TRUE
    (25) expression -> . FALSE
    (26) expression -> . array_ref
    (27) array_ref -> . ID LBRACKET expression RBRACKET

    ADD             shift and go to state 5
    SUB             shift and go to state 6
    MUL             shift and go to state 7
    DIV             shift and go to state 8
    AND             shift and go to state 9
    OR              shift and go to state 10
    EQ              shift and go to state 11
    NE              shift and go to state 12
    LT              shift and go to state 13
    GT              shift and go to state 14
    LE              shift and go to state 15
    GE              shift and go to state 16
    NOT             shift and go to state 17
    SQRT            shift and go to state 18
    ID              shift and go to state 19
    INTEGER_CONST   shift and go to state 20
    REAL_CONST      shift and go to state 21
    TRUE            shift and go to state 22
    FALSE           shift and go to state 23

    expression                     shift and go to state 58
    array_ref                      shift and go to state 24

state 44

    (6) expression -> ADD expression expression .

    FOR             reduce using rule 6 (expression -> ADD expression expression .)
    ADD             reduce using rule 6 (expression -> ADD expression expression .)
    SUB             reduce using rule 6 (expression -> ADD expression expression .)
    MUL             reduce using rule 6 (expression -> ADD expression expression .)
    DIV             reduce using rule 6 (expression -> ADD expression expression .)
    AND             reduce using rule 6 (expression -> ADD expression expression .)
    OR              reduce using rule 6 (expression -> ADD expression expression .)
    EQ              reduce using rule 6 (expression -> ADD expression expression .)
    NE              reduce using rule 6 (expression -> ADD expression expression .)
    LT              reduce using rule 6 (expression -> ADD expression expression .)
    GT              reduce using rule 6 (expression -> ADD expression expression .)
    LE              reduce using rule 6 (expression -> ADD expression expression .)
    GE              reduce using rule 6 (expression -> ADD expression expression .)
    NOT             reduce using rule 6 (expression -> ADD expression expression .)
    SQRT            reduce using rule 6 (expression -> ADD expression expression .)
    ID              reduce using rule 6 (expression -> ADD expression expression .)
    INTEGER_CONST   reduce using rule 6 (expression -> ADD expression expression .)
    REAL_CONST      reduce using rule 6 (expression -> ADD expression expression .)
    TRUE            reduce using rule 6 (expression -> ADD expression expression .)
    FALSE           reduce using rule 6 (expression -> ADD expression expression .)
    RBRACKET        reduce using rule 6 (expression -> ADD expression expression .)
    $end            reduce using rule 6 (expression -> ADD expression expression .)


state 45

    (7) expression -> SUB expression expression .

    FOR             reduce using rule 7 (expression -> SUB expression expression .)
    ADD             reduce using rule 7 (expression -> SUB expression expression .)
    SUB             reduce using rule 7 (expression -> SUB expression expression .)
    MUL             reduce using rule 7 (expression -> SUB expression expression .)
    DIV             reduce using rule 7 (expression -> SUB expression expression .)
    AND             reduce using rule 7 (expression -> SUB expression expression .)
    OR              reduce using rule 7 (expression -> SUB expression expression .)
    EQ              reduce using rule 7 (expression -> SUB expression expression .)
    NE              reduce using rule 7 (expression -> SUB expression expression .)
    LT              reduce using rule 7 (expression -> SUB expression expression .)
    GT              reduce using rule 7 (expression -> SUB expression expression .)
    LE              reduce using rule 7 (expression -> SUB expression expression .)
    GE              reduce using rule 7 (expression -> SUB expression expression .)
    NOT             reduce using rule 7 (expression -> SUB expression expression .)
    SQRT            reduce using rule 7 (expression -> SUB expression expression .)
    ID              reduce using rule 7 (expression -> SUB expression expression .)
    INTEGER_CONST   reduce using rule 7 (expression -> SUB expression expression .)
    REAL_CONST      reduce using rule 7 (expression -> SUB expression expression .)
    TRUE            reduce using rule 7 (expression -> SUB expression expression .)
    FALSE           reduce using rule 7 (expression -> SUB expression expression .)
    RBRACKET        reduce using rule 7 (expression -> SUB expression expression .)
    $end            reduce using rule 7 (expression -> SUB expression expression .)


state 46

    (8) expression -> MUL expression expression .

    FOR             reduce using rule 8 (expression -> MUL expression expression .)
    ADD             reduce using rule 8 (expression -> MUL expression expression .)
    SUB             reduce using rule 8 (expression -> MUL expression expression .)
    MUL             reduce using rule 8 (expression -> MUL expression expression .)
    DIV             reduce using rule 8 (expression -> MUL expression expression .)
    AND             reduce using rule 8 (expression -> MUL expression expression .)
    OR              reduce using rule 8 (expression -> MUL expression expression .)
    EQ              reduce using rule 8 (expression -> MUL expression expression .)
    NE              reduce using rule 8 (expression -> MUL expression expression .)
    LT              reduce using rule 8 (expression -> MUL expression expression .)
    GT              reduce using rule 8 (expression -> MUL expression expression .)
    LE              reduce using rule 8 (expression -> MUL expression expression .)
    GE              reduce using rule 8 (expression -> MUL expression expression .)
    NOT             reduce using rule 8 (expression -> MUL expression expression .)
    SQRT            reduce using rule 8 (expression -> MUL expression expression .)
    ID              reduce using rule 8 (expression -> MUL expression expression .)
    INTEGER_CONST   reduce using rule 8 (expression -> MUL expression expression .)
    REAL_CONST      reduce using rule 8 (expression -> MUL expression expression .)
    TRUE            reduce using rule 8 (expression -> MUL expression expression .)
    FALSE           reduce using rule 8 (expression -> MUL expression expression .)
    RBRACKET        reduce using rule 8 (expression -> MUL expression expression .)
    $end            reduce using rule 8 (expression -> MUL expression expression .)


state 47

    (9) expression -> DIV expression expression .

    FOR             reduce using rule 9 (expression -> DIV expression expression .)
    ADD             reduce using rule 9 (expression -> DIV expression expression .)
    SUB             reduce using rule 9 (expression -> DIV expression expression .)
    MUL             reduce using rule 9 (expression -> DIV expression expression .)
    DIV             reduce using rule 9 (expression -> DIV expression expression .)
    AND             reduce using rule 9 (expression -> DIV expression expression .)
    OR              reduce using rule 9 (expression -> DIV expression expression .)
    EQ              reduce using rule 9 (expression -> DIV expression expression .)
    NE              reduce using rule 9 (expression -> DIV expression expression .)
    LT              reduce using rule 9 (expression -> DIV expression expression .)
    GT              reduce using rule 9 (expression -> DIV expression expression .)
    LE              reduce using rule 9 (expression -> DIV expression expression .)
    GE              reduce using rule 9 (expression -> DIV expression expression .)
    NOT             reduce using rule 9 (expression -> DIV expression expression .)
    SQRT            reduce using rule 9 (expression -> DIV expression expression .)
    ID              reduce using rule 9 (expression -> DIV expression expression .)
    INTEGER_CONST   reduce using rule 9 (expression -> DIV expression expression .)
    REAL_CONST      reduce using rule 9 (expression -> DIV expression expression .)
    TRUE            reduce using rule 9 (expression -> DIV expression expression .)
    FALSE           reduce using rule 9 (expression -> DIV expression expression .)
    RBRACKET        reduce using rule 9 (expression -> DIV expression expression .)
    $end            reduce using rule 9 (expression -> DIV expression expression .)


state 48

    (10) expression -> AND expression expression .

    FOR             reduce using rule 10 (expression -> AND expression expression .)
    ADD             reduce using rule 10 (expression -> AND expression expression .)
    SUB             reduce using rule 10 (expression -> AND expression expression .)
    MUL             reduce using rule 10 (expression -> AND expression expression .)
    DIV             reduce using rule 10 (expression -> AND expression expression .)
    AND             reduce using rule 10 (expression -> AND expression expression .)
    OR              reduce using rule 10 (expression -> AND expression expression .)
    EQ              reduce using rule 10 (expression -> AND expression expression .)
    NE              reduce using rule 10 (expression -> AND expression expression .)
    LT              reduce using rule 10 (expression -> AND expression expression .)
    GT              reduce using rule 10 (expression -> AND expression expression .)
    LE              reduce using rule 10 (expression -> AND expression expression .)
    GE              reduce using rule 10 (expression -> AND expression expression .)
    NOT             reduce using rule 10 (expression -> AND expression expression .)
    SQRT            reduce using rule 10 (expression -> AND expression expression .)
    ID              reduce using rule 10 (expression -> AND expression expression .)
    INTEGER_CONST   reduce using rule 10 (expression -> AND expression expression .)
    REAL_CONST      reduce using rule 10 (expression -> AND expression expression .)
    TRUE            reduce using rule 10 (expression -> AND expression expression .)
    FALSE           reduce using rule 10 (expression -> AND expression expression .)
    RBRACKET        reduce using rule 10 (expression -> AND expression expression .)
    $end            reduce using rule 10 (expression -> AND expression expression .)


state 49

    (11) expression -> OR expression expression .

    FOR             reduce using rule 11 (expression -> OR expression expression .)
    ADD             reduce using rule 11 (expression -> OR expression expression .)
    SUB             reduce using rule 11 (expression -> OR expression expression .)
    MUL             reduce using rule 11 (expression -> OR expression expression .)
    DIV             reduce using rule 11 (expression -> OR expression expression .)
    AND             reduce using rule 11 (expression -> OR expression expression .)
    OR              reduce using rule 11 (expression -> OR expression expression .)
    EQ              reduce using rule 11 (expression -> OR expression expression .)
    NE              reduce using rule 11 (expression -> OR expression expression .)
    LT              reduce using rule 11 (expression -> OR expression expression .)
    GT              reduce using rule 11 (expression -> OR expression expression .)
    LE              reduce using rule 11 (expression -> OR expression expression .)
    GE              reduce using rule 11 (expression -> OR expression expression .)
    NOT             reduce using rule 11 (expression -> OR expression expression .)
    SQRT            reduce using rule 11 (expression -> OR expression expression .)
    ID              reduce using rule 11 (expression -> OR expression expression .)
    INTEGER_CONST   reduce using rule 11 (expression -> OR expression expression .)
    REAL_CONST      reduce using rule 11 (expression -> OR expression expression .)
    TRUE            reduce using rule 11 (expression -> OR expression expression .)
    FALSE           reduce using rule 11 (expression -> OR expression expression .)
    RBRACKET        reduce using rule 11 (expression -> OR expression expression .)
    $end            reduce using rule 11 (expression -> OR expression expression .)


state 50

    (12) expression -> EQ expression expression .

    FOR             reduce using rule 12 (expression -> EQ expression expression .)
    ADD             reduce using rule 12 (expression -> EQ expression expression .)
    SUB             reduce using rule 12 (expression -> EQ expression expression .)
    MUL             reduce using rule 12 (expression -> EQ expression expression .)
    DIV             reduce using rule 12 (expression -> EQ expression expression .)
    AND             reduce using rule 12 (expression -> EQ expression expression .)
    OR              reduce using rule 12 (expression -> EQ expression expression .)
    EQ              reduce using rule 12 (expression -> EQ expression expression .)
    NE              reduce using rule 12 (expression -> EQ expression expression .)
    LT              reduce using rule 12 (expression -> EQ expression expression .)
    GT              reduce using rule 12 (expression -> EQ expression expression .)
    LE              reduce using rule 12 (expression -> EQ expression expression .)
    GE              reduce using rule 12 (expression -> EQ expression expression .)
    NOT             reduce using rule 12 (expression -> EQ expression expression .)
    SQRT            reduce using rule 12 (expression -> EQ expression expression .)
    ID              reduce using rule 12 (expression -> EQ expression expression .)
    INTEGER_CONST   reduce using rule 12 (expression -> EQ expression expression .)
    REAL_CONST      reduce using rule 12 (expression -> EQ expression expression .)
    TRUE            reduce using rule 12 (expression -> EQ expression expression .)
    FALSE           reduce using rule 12 (expression -> EQ expression expression .)
    RBRACKET        reduce using rule 12 (expression -> EQ expression expression .)
    $end            reduce using rule 12 (expression -> EQ expression expression .)


state 51

    (13) expression -> NE expression expression .

    FOR             reduce using rule 13 (expression -> NE expression expression .)
    ADD             reduce using rule 13 (expression -> NE expression expression .)
    SUB             reduce using rule 13 (expression -> NE expression expression .)
    MUL             reduce using rule 13 (expression -> NE expression expression .)
    DIV             reduce using rule 13 (expression -> NE expression expression .)
    AND             reduce using rule 13 (expression -> NE expression expression .)
    OR              reduce using rule 13 (expression -> NE expression expression .)
    EQ              reduce using rule 13 (expression -> NE expression expression .)
    NE              reduce using rule 13 (expression -> NE expression expression .)
    LT              reduce using rule 13 (expression -> NE expression expression .)
    GT              reduce using rule 13 (expression -> NE expression expression .)
    LE              reduce using rule 13 (expression -> NE expression expression .)
    GE              reduce using rule 13 (expression -> NE expression expression .)
    NOT             reduce using rule 13 (expression -> NE expression expression .)
    SQRT            reduce using rule 13 (expression -> NE expression expression .)
    ID              reduce using rule 13 (expression -> NE expression expression .)
    INTEGER_CONST   reduce using rule 13 (expression -> NE expression expression .)
    REAL_CONST      reduce using rule 13 (expression -> NE expression expression .)
    TRUE            reduce using rule 13 (expression -> NE expression expression .)
    FALSE           reduce using rule 13 (expression -> NE expression expression .)
    RBRACKET        reduce using rule 13 (expression -> NE expression expression .)
    $end            reduce using rule 13 (expression -> NE expression expression .)


state 52

    (14) expression -> LT expression expression .

    FOR             reduce using rule 14 (expression -> LT expression expression .)
    ADD             reduce using rule 14 (expression -> LT expression expression .)
    SUB             reduce using rule 14 (expression -> LT expression expression .)
    MUL             reduce using rule 14 (expression -> LT expression expression .)
    DIV             reduce using rule 14 (expression -> LT expression expression .)
    AND             reduce using rule 14 (expression -> LT expression expression .)
    OR              reduce using rule 14 (expression -> LT expression expression .)
    EQ              reduce using rule 14 (expression -> LT expression expression .)
    NE              reduce using rule 14 (expression -> LT expression expression .)
    LT              reduce using rule 14 (expression -> LT expression expression .)
    GT              reduce using rule 14 (expression -> LT expression expression .)
    LE              reduce using rule 14 (expression -> LT expression expression .)
    GE              reduce using rule 14 (expression -> LT expression expression .)
    NOT             reduce using rule 14 (expression -> LT expression expression .)
    SQRT            reduce using rule 14 (expression -> LT expression expression .)
    ID              reduce using rule 14 (expression -> LT expression expression .)
    INTEGER_CONST   reduce using rule 14 (expression -> LT expression expression .)
    REAL_CONST      reduce using rule 14 (expression -> LT expression expression .)
    TRUE            reduce using rule 14 (expression -> LT expression expression .)
    FALSE           reduce using rule 14 (expression -> LT expression expression .)
    RBRACKET        reduce using rule 14 (expression -> LT expression expression .)
    $end            reduce using rule 14 (expression -> LT expression expression .)


state 53

    (15) expression -> GT expression expression .

    FOR             reduce using rule 15 (expression -> GT expression expression .)
    ADD             reduce using rule 15 (expression -> GT expression expression .)
    SUB             reduce using rule 15 (expression -> GT expression expression .)
    MUL             reduce using rule 15 (expression -> GT expression expression .)
    DIV             reduce using rule 15 (expression -> GT expression expression .)
    AND             reduce using rule 15 (expression -> GT expression expression .)
    OR              reduce using rule 15 (expression -> GT expression expression .)
    EQ              reduce using rule 15 (expression -> GT expression expression .)
    NE              reduce using rule 15 (expression -> GT expression expression .)
    LT              reduce using rule 15 (expression -> GT expression expression .)
    GT              reduce using rule 15 (expression -> GT expression expression .)
    LE              reduce using rule 15 (expression -> GT expression expression .)
    GE              reduce using rule 15 (expression -> GT expression expression .)
    NOT             reduce using rule 15 (expression -> GT expression expression .)
    SQRT            reduce using rule 15 (expression -> GT expression expression .)
    ID              reduce using rule 15 (expression -> GT expression expression .)
    INTEGER_CONST   reduce using rule 15 (expression -> GT expression expression .)
    REAL_CONST      reduce using rule 15 (expression -> GT expression expression .)
    TRUE            reduce using rule 15 (expression -> GT expression expression .)
    FALSE           reduce using rule 15 (expression -> GT expression expression .)
    RBRACKET        reduce using rule 15 (expression -> GT expression expression .)
    $end            reduce using rule 15 (expression -> GT expression expression .)


state 54

    (16) expression -> LE expression expression .

    FOR             reduce using rule 16 (expression -> LE expression expression .)
    ADD             reduce using rule 16 (expression -> LE expression expression .)
    SUB             reduce using rule 16 (expression -> LE expression expression .)
    MUL             reduce using rule 16 (expression -> LE expression expression .)
    DIV             reduce using rule 16 (expression -> LE expression expression .)
    AND             reduce using rule 16 (expression -> LE expression expression .)
    OR              reduce using rule 16 (expression -> LE expression expression .)
    EQ              reduce using rule 16 (expression -> LE expression expression .)
    NE              reduce using rule 16 (expression -> LE expression expression .)
    LT              reduce using rule 16 (expression -> LE expression expression .)
    GT              reduce using rule 16 (expression -> LE expression expression .)
    LE              reduce using rule 16 (expression -> LE expression expression .)
    GE              reduce using rule 16 (expression -> LE expression expression .)
    NOT             reduce using rule 16 (expression -> LE expression expression .)
    SQRT            reduce using rule 16 (expression -> LE expression expression .)
    ID              reduce using rule 16 (expression -> LE expression expression .)
    INTEGER_CONST   reduce using rule 16 (expression -> LE expression expression .)
    REAL_CONST      reduce using rule 16 (expression -> LE expression expression .)
    TRUE            reduce using rule 16 (expression -> LE expression expression .)
    FALSE           reduce using rule 16 (expression -> LE expression expression .)
    RBRACKET        reduce using rule 16 (expression -> LE expression expression .)
    $end            reduce using rule 16 (expression -> LE expression expression .)


state 55

    (17) expression -> GE expression expression .

    FOR             reduce using rule 17 (expression -> GE expression expression .)
    ADD             reduce using rule 17 (expression -> GE expression expression .)
    SUB             reduce using rule 17 (expression -> GE expression expression .)
    MUL             reduce using rule 17 (expression -> GE expression expression .)
    DIV             reduce using rule 17 (expression -> GE expression expression .)
    AND             reduce using rule 17 (expression -> GE expression expression .)
    OR              reduce using rule 17 (expression -> GE expression expression .)
    EQ              reduce using rule 17 (expression -> GE expression expression .)
    NE              reduce using rule 17 (expression -> GE expression expression .)
    LT              reduce using rule 17 (expression -> GE expression expression .)
    GT              reduce using rule 17 (expression -> GE expression expression .)
    LE              reduce using rule 17 (expression -> GE expression expression .)
    GE              reduce using rule 17 (expression -> GE expression expression .)
    NOT             reduce using rule 17 (expression -> GE expression expression .)
    SQRT            reduce using rule 17 (expression -> GE expression expression .)
    ID              reduce using rule 17 (expression -> GE expression expression .)
    INTEGER_CONST   reduce using rule 17 (expression -> GE expression expression .)
    REAL_CONST      reduce using rule 17 (expression -> GE expression expression .)
    TRUE            reduce using rule 17 (expression -> GE expression expression .)
    FALSE           reduce using rule 17 (expression -> GE expression expression .)
    RBRACKET        reduce using rule 17 (expression -> GE expression expression .)
    $end            reduce using rule 17 (expression -> GE expression expression .)


state 56

    (20) expression -> ID ASSIGN expression .

    FOR             reduce using rule 20 (expression -> ID ASSIGN expression .)
    ADD             reduce using rule 20 (expression -> ID ASSIGN expression .)
    SUB             reduce using rule 20 (expression -> ID ASSIGN expression .)
    MUL             reduce using rule 20 (expression -> ID ASSIGN expression .)
    DIV             reduce using rule 20 (expression -> ID ASSIGN expression .)
    AND             reduce using rule 20 (expression -> ID ASSIGN expression .)
    OR              reduce using rule 20 (expression -> ID ASSIGN expression .)
    EQ              reduce using rule 20 (expression -> ID ASSIGN expression .)
    NE              reduce using rule 20 (expression -> ID ASSIGN expression .)
    LT              reduce using rule 20 (expression -> ID ASSIGN expression .)
    GT              reduce using rule 20 (expression -> ID ASSIGN expression .)
    LE              reduce using rule 20 (expression -> ID ASSIGN expression .)
    GE              reduce using rule 20 (expression -> ID ASSIGN expression .)
    NOT             reduce using rule 20 (expression -> ID ASSIGN expression .)
    SQRT            reduce using rule 20 (expression -> ID ASSIGN expression .)
    ID              reduce using rule 20 (expression -> ID ASSIGN expression .)
    INTEGER_CONST   reduce using rule 20 (expression -> ID ASSIGN expression .)
    REAL_CONST      reduce using rule 20 (expression -> ID ASSIGN expression .)
    TRUE            reduce using rule 20 (expression -> ID ASSIGN expression .)
    FALSE           reduce using rule 20 (expression -> ID ASSIGN expression .)
    RBRACKET        reduce using rule 20 (expression -> ID ASSIGN expression .)
    $end            reduce using rule 20 (expression -> ID ASSIGN expression .)


state 57

    (27) array_ref -> ID LBRACKET expression . RBRACKET

    RBRACKET        shift and go to state 59


state 58

    (4) for_stmt -> expression FOR expression expression . assign_stmt
    (5) assign_stmt -> . ID LBRACKET expression RBRACKET ASSIGN expression

    ID              shift and go to state 61

    assign_stmt                    shift and go to state 60

state 59

    (27) array_ref -> ID LBRACKET expression RBRACKET .

    FOR             reduce using rule 27 (array_ref -> ID LBRACKET expression RBRACKET .)
    ADD             reduce using rule 27 (array_ref -> ID LBRACKET expression RBRACKET .)
    SUB             reduce using rule 27 (array_ref -> ID LBRACKET expression RBRACKET .)
    MUL             reduce using rule 27 (array_ref -> ID LBRACKET expression RBRACKET .)
    DIV             reduce using rule 27 (array_ref -> ID LBRACKET expression RBRACKET .)
    AND             reduce using rule 27 (array_ref -> ID LBRACKET expression RBRACKET .)
    OR              reduce using rule 27 (array_ref -> ID LBRACKET expression RBRACKET .)
    EQ              reduce using rule 27 (array_ref -> ID LBRACKET expression RBRACKET .)
    NE              reduce using rule 27 (array_ref -> ID LBRACKET expression RBRACKET .)
    LT              reduce using rule 27 (array_ref -> ID LBRACKET expression RBRACKET .)
    GT              reduce using rule 27 (array_ref -> ID LBRACKET expression RBRACKET .)
    LE              reduce using rule 27 (array_ref -> ID LBRACKET expression RBRACKET .)
    GE              reduce using rule 27 (array_ref -> ID LBRACKET expression RBRACKET .)
    NOT             reduce using rule 27 (array_ref -> ID LBRACKET expression RBRACKET .)
    SQRT            reduce using rule 27 (array_ref -> ID LBRACKET expression RBRACKET .)
    ID              reduce using rule 27 (array_ref -> ID LBRACKET expression RBRACKET .)
    INTEGER_CONST   reduce using rule 27 (array_ref -> ID LBRACKET expression RBRACKET .)
    REAL_CONST      reduce using rule 27 (array_ref -> ID LBRACKET expression RBRACKET .)
    TRUE            reduce using rule 27 (array_ref -> ID LBRACKET expression RBRACKET .)
    FALSE           reduce using rule 27 (array_ref -> ID LBRACKET expression RBRACKET .)
    RBRACKET        reduce using rule 27 (array_ref -> ID LBRACKET expression RBRACKET .)
    $end            reduce using rule 27 (array_ref -> ID LBRACKET expression RBRACKET .)


state 60

    (4) for_stmt -> expression FOR expression expression assign_stmt .

    ADD             reduce using rule 4 (for_stmt -> expression FOR expression expression assign_stmt .)
    SUB             reduce using rule 4 (for_stmt -> expression FOR expression expression assign_stmt .)
    MUL             reduce using rule 4 (for_stmt -> expression FOR expression expression assign_stmt .)
    DIV             reduce using rule 4 (for_stmt -> expression FOR expression expression assign_stmt .)
    AND             reduce using rule 4 (for_stmt -> expression FOR expression expression assign_stmt .)
    OR              reduce using rule 4 (for_stmt -> expression FOR expression expression assign_stmt .)
    EQ              reduce using rule 4 (for_stmt -> expression FOR expression expression assign_stmt .)
    NE              reduce using rule 4 (for_stmt -> expression FOR expression expression assign_stmt .)
    LT              reduce using rule 4 (for_stmt -> expression FOR expression expression assign_stmt .)
    GT              reduce using rule 4 (for_stmt -> expression FOR expression expression assign_stmt .)
    LE              reduce using rule 4 (for_stmt -> expression FOR expression expression assign_stmt .)
    GE              reduce using rule 4 (for_stmt -> expression FOR expression expression assign_stmt .)
    NOT             reduce using rule 4 (for_stmt -> expression FOR expression expression assign_stmt .)
    SQRT            reduce using rule 4 (for_stmt -> expression FOR expression expression assign_stmt .)
    ID              reduce using rule 4 (for_stmt -> expression FOR expression expression assign_stmt .)
    INTEGER_CONST   reduce using rule 4 (for_stmt -> expression FOR expression expression assign_stmt .)
    REAL_CONST      reduce using rule 4 (for_stmt -> expression FOR expression expression assign_stmt .)
    TRUE            reduce using rule 4 (for_stmt -> expression FOR expression expression assign_stmt .)
    FALSE           reduce using rule 4 (for_stmt -> expression FOR expression expression assign_stmt .)
    $end            reduce using rule 4 (for_stmt -> expression FOR expression expression assign_stmt .)


state 61

    (5) assign_stmt -> ID . LBRACKET expression RBRACKET ASSIGN expression

    LBRACKET        shift and go to state 62


state 62

    (5) assign_stmt -> ID LBRACKET . expression RBRACKET ASSIGN expression
    (6) expression -> . ADD expression expression
    (7) expression -> . SUB expression expression
    (8) expression -> . MUL expression expression
    (9) expression -> . DIV expression expression
    (10) expression -> . AND expression expression
    (11) expression -> . OR expression expression
    (12) expression -> . EQ expression expression
    (13) expression -> . NE expression expression
    (14) expression -> . LT expression expression
    (15) expression -> . GT expression expression
    (16) expression -> . LE expression expression
    (17) expression -> . GE expression expression
    (18) expression -> . NOT expression
    (19) expression -> . SQRT expression
    (20) expression -> . ID ASSIGN expression
    (21) expression -> . ID
    (22) expression -> . INTEGER_CONST
    (23) expression -> . REAL_CONST
    (24) expression -> . TRUE
    (25) expression -> . FALSE
    (26) expression -> . array_ref
    (27) array_ref -> . ID LBRACKET expression RBRACKET

    ADD             shift and go to state 5
    SUB             shift and go to state 6
    MUL             shift and go to state 7
    DIV             shift and go to state 8
    AND             shift and go to state 9
    OR              shift and go to state 10
    EQ              shift and go to state 11
    NE              shift and go to state 12
    LT              shift and go to state 13
    GT              shift and go to state 14
    LE              shift and go to state 15
    GE              shift and go to state 16
    NOT             shift and go to state 17
    SQRT            shift and go to state 18
    ID              shift and go to state 19
    INTEGER_CONST   shift and go to state 20
    REAL_CONST      shift and go to state 21
    TRUE            shift and go to state 22
    FALSE           shift and go to state 23

    expression                     shift and go to state 63
    array_ref                      shift and go to state 24

state 63

    (5) assign_stmt -> ID LBRACKET expression . RBRACKET ASSIGN expression

    RBRACKET        shift and go to state 64


state 64

    (5) assign_stmt -> ID LBRACKET expression RBRACKET . ASSIGN expression

    ASSIGN          shift and go to state 65


state 65

    (5) assign_stmt -> ID LBRACKET expression RBRACKET ASSIGN . expression
    (6) expression -> . ADD expression expression
    (7) expression -> . SUB expression expression
    (8) expression -> . MUL expression expression
    (9) expression -> . DIV expression expression
    (10) expression -> . AND expression expression
    (11) expression -> . OR expression expression
    (12) expression -> . EQ expression expression
    (13) expression -> . NE expression expression
    (14) expression -> . LT expression expression
    (15) expression -> . GT expression expression
    (16) expression -> . LE expression expression
    (17) expression -> . GE expression expression
    (18) expression -> . NOT expression
    (19) expression -> . SQRT expression
    (20) expression -> . ID ASSIGN expression
    (21) expression -> . ID
    (22) expression -> . INTEGER_CONST
    (23) expression -> . REAL_CONST
    (24) expression -> . TRUE
    (25) expression -> . FALSE
    (26) expression -> . array_ref
    (27) array_ref -> . ID LBRACKET expression RBRACKET

    ADD             shift and go to state 5
    SUB             shift and go to state 6
    MUL             shift and go to state 7
    DIV             shift and go to state 8
    AND             shift and go to state 9
    OR              shift and go to state 10
    EQ              shift and go to state 11
    NE              shift and go to state 12
    LT              shift and go to state 13
    GT              shift and go to state 14
    LE              shift and go to state 15
    GE              shift and go to state 16
    NOT             shift and go to state 17
    SQRT            shift and go to state 18
    ID              shift and go to state 19
    INTEGER_CONST   shift and go to state 20
    REAL_CONST      shift and go to state 21
    TRUE            shift and go to state 22
    FALSE           shift and go to state 23

    expression                     shift and go to state 66
    array_ref                      shift and go to state 24

state 66

    (5) assign_stmt -> ID LBRACKET expression RBRACKET ASSIGN expression .

    ADD             reduce using rule 5 (assign_stmt -> ID LBRACKET expression RBRACKET ASSIGN expression .)
    SUB             reduce using rule 5 (assign_stmt -> ID LBRACKET expression RBRACKET ASSIGN expression .)
    MUL             reduce using rule 5 (assign_stmt -> ID LBRACKET expression RBRACKET ASSIGN expression .)
    DIV             reduce using rule 5 (assign_stmt -> ID LBRACKET expression RBRACKET ASSIGN expression .)
    AND             reduce using rule 5 (assign_stmt -> ID LBRACKET expression RBRACKET ASSIGN expression .)
    OR              reduce using rule 5 (assign_stmt -> ID LBRACKET expression RBRACKET ASSIGN expression .)
    EQ              reduce using rule 5 (assign_stmt -> ID LBRACKET expression RBRACKET ASSIGN expression .)
    NE              reduce using rule 5 (assign_stmt -> ID LBRACKET expression RBRACKET ASSIGN expression .)
    LT              reduce using rule 5 (assign_stmt -> ID LBRACKET expression RBRACKET ASSIGN expression .)
    GT              reduce using rule 5 (assign_stmt -> ID LBRACKET expression RBRACKET ASSIGN expression .)
    LE              reduce using rule 5 (assign_stmt -> ID LBRACKET expression RBRACKET ASSIGN expression .)
    GE              reduce using rule 5 (assign_stmt -> ID LBRACKET expression RBRACKET ASSIGN expression .)
    NOT             reduce using rule 5 (assign_stmt -> ID LBRACKET expression RBRACKET ASSIGN expression .)
    SQRT            reduce using rule 5 (assign_stmt -> ID LBRACKET expression RBRACKET ASSIGN expression .)
    ID              reduce using rule 5 (assign_stmt -> ID LBRACKET expression RBRACKET ASSIGN expression .)
    INTEGER_CONST   reduce using rule 5 (assign_stmt -> ID LBRACKET expression RBRACKET ASSIGN expression .)
    REAL_CONST      reduce using rule 5 (assign_stmt -> ID LBRACKET expression RBRACKET ASSIGN expression .)
    TRUE            reduce using rule 5 (assign_stmt -> ID LBRACKET expression RBRACKET ASSIGN expression .)
    FALSE           reduce using rule 5 (assign_stmt -> ID LBRACKET expression RBRACKET ASSIGN expression .)
    $end            reduce using rule 5 (assign_stmt -> ID LBRACKET expression RBRACKET ASSIGN expression .)

